ph,Hardness,Solids,Chloramines,Sulfate,Conductivity,Organic_carbon,Trihalomethanes,Turbidity,Potability
3.71608007538699,129.42292051494425,18630.057857970347,6.635245883862,,592.8853591348523,15.180013116357259,56.32907628451764,4.500656274942408,0
